<policyEngineAdapterConfig>
<connectionMsTimeout>700</connectionMsTimeout>
<requestsQSize>1000</requestsQSize>
<refreshingMsInterval>1000</refreshingMsInterval>
<greenToOrangeThreshold>100</greenToOrangeThreshold>
<requestThreadPoolSize>3</requestThreadPoolSize>
<orangeToGreenThreshold>50</orangeToGreenThreshold>
<redToOrangeThreshold>450</redToOrangeThreshold>
<redSelection>990</redSelection>
<repliesQSize>1000</repliesQSize>
<orangeToRedThreshold>500</orangeToRedThreshold>
<replyThreadPoolSize>3</replyThreadPoolSize>
<loggerAutomaticUpdate>1</loggerAutomaticUpdate>
<orangeSelection>940</orangeSelection>
<servers>
<socket>
<isSecured>0</isSecured>
<port>18313</port>
<hostName1>localhost</hostName1>
<hostName2>127.0.0.1</hostName2>
<supportedChannels all="true">
<type>1</type>
</supportedChannels>
</socket>
</servers>
<services>
<service id="16" channelType="11"/>
<service id="17" channelType="12"/>
<service id="15" channelType="10"/>
<service id="14" channelType="14"/>
<service id="19" channelType="9"/>
<service id="18" channelType="7"/>
<service id="21" channelType="16"/>
</services>
</policyEngineAdapterConfig>