
<ClassifierConfiguration>
    <ClassifierConfigVersion>5</ClassifierConfigVersion>
    <ConfigUpdateRate>600</ConfigUpdateRate>
    <checkDisconnectedEndpointIntervalInSeconds>172800</checkDisconnectedEndpointIntervalInSeconds>
    <checkDisconnectedIntervalUpdateRateInSeconds>86400</checkDisconnectedIntervalUpdateRateInSeconds>
    <ConnectivityTestRate>300</ConnectivityTestRate>
    <SendUnconfirmedIncidents>1</SendUnconfirmedIncidents>
    <ReselectServerRate>600</ReselectServerRate>
    <ReselectServerOnFailRate>120</ReselectServerOnFailRate>
    <IncidentsFolderSize>104857600</IncidentsFolderSize>
    <EnforceFIPS>1</EnforceFIPS>
    <EnforceAdminPasswordFIPS>0</EnforceAdminPasswordFIPS>
    <ConfirmFolderSize>26214400</ConfirmFolderSize>
    <InstallationID>0</InstallationID>
    <MaxRAMSpace>20000000</MaxRAMSpace>
    <MaxDiskSpace>110000000</MaxDiskSpace>
    <Servers ProfileID="0">
      <Primary>
        <Server>
          <URL>https://dlp.telekom-digital.com/EP/EndpointServer.dll</URL>
          <URL>https://192.168.1.17/EP/EndpointServer.dll</URL>
</Server>
</Primary>
      <Secondary>
        <Server>
          <URL>https://arurona.telekom-digital.com/EP/EndpointServer.dll</URL>
          <URL>https://10.132.59.3/EP/EndpointServer.dll</URL>
          <URL>https://arurona.yo-digital.com/EP/EndpointServer.dll</URL>
</Server>
</Secondary>
</Servers>
    <HugeFileSettings HugeFilePrefixSizeMB="5" HugeFileSuffixSizeMB="5" MaxFileInRamSizeMB="10">
      <HugeFileSettingByChannel ChannelType="16" HugeFileLimitMB="100"/>
      <HugeFileSettingByChannel ChannelType="2" HugeFileLimitMB="100"/>
      <HugeFileSettingByChannel ChannelType="7" HugeFileLimitMB="100"/>
      <HugeFileSettingByChannel ChannelType="9" HugeFileLimitMB="100"/>
      <HugeFileSettingByChannel ChannelType="10" HugeFileLimitMB="100"/>
      <HugeFileSettingByChannel ChannelType="11" HugeFileLimitMB="100"/>
      <HugeFileSettingByChannel ChannelType="12" HugeFileLimitMB="100"/>
      <HugeFileSettingByChannel ChannelType="14" HugeFileLimitMB="100"/>
</HugeFileSettings>
    <SupportDeflate>1</SupportDeflate>
    <MaxBytesPerSec>-1</MaxBytesPerSec>
</ClassifierConfiguration>