
<policyEngineConfig>

  <resourceResolverWorkingSet>
    <version>18633</version>
    <installeruid>{3efc8406-4699-406c-b0f4-d1f7cde4e9ae}</installeruid>
    <datatypes>
      <datatype id="414c30e7-3606-4767-9817-32ad71268427" type="IPAddress">
        <data>192.168.1.17</data>
      </datatype>
      <datatype id="414c30e7-3606-4767-9817-32ad71268427" type="Hostname">
        <data>dlp.telekom-digital.com</data>
      </datatype>
      <datatype id="1172a765-6c72-4734-855b-93aff5dd2057" type="Hostname">
        <data>dlp</data>
        <data>dlp.telekom-digital.com</data>
      </datatype>
      <datatype id="1172a765-6c72-4734-855b-93aff5dd2057" type="Hostname">
        <data>dlp</data>
        <data>dlp.telekom-digital.com</data>
      </datatype>
      <datatype id="414c30e7-3606-4767-9817-32ad71268427" type="IPAddress">
        <data>192.168.1.17</data>
      </datatype>
      <datatype id="414c30e7-3606-4767-9817-32ad71268427" type="Hostname">
        <data>dlp.telekom-digital.com</data>
      </datatype>
      <datatype id="e726e08e-0e8d-425c-a026-246439af5e76" type="Hostname">
        <data>ankit-kumar.local</data>
      </datatype>
      <datatype id="f7306ae5-7bc6-4462-a61c-f237a95cbb15" type="Hostname">
        <data>it52s-macbook-pro.local</data>
      </datatype>
      <datatype id="01095ba2-562a-4772-8a1e-46cf462e5420" type="Hostname">
        <data>swati-agrawal</data>
      </datatype>
      <datatype id="02815427-5e5e-4bf2-9f99-95beb1014759" type="Hostname">
        <data>himanshu-aggarwal.local</data>
      </datatype>
      <datatype id="02f4eb70-942b-426c-8e0a-e80fd0930d4b" type="Hostname">
        <data>it40s-macbook-pro.local</data>
      </datatype>
      <datatype id="075169c1-3830-4de1-868a-17320a29904f" type="Hostname">
        <data>shubham-bansal</data>
      </datatype>
      <datatype id="09e454f6-88a5-4fef-b1ba-8eb63d69e076" type="Hostname">
        <data>chirag-sharma.bbrouter</data>
      </datatype>
      <datatype id="09f180a4-98b6-47ee-82c5-bdf1811e47fe" type="Hostname">
        <data>it-17</data>
      </datatype>
      <datatype id="0f48bb12-2f34-4e89-afe8-8b6e779d77b9" type="Hostname">
        <data>kavita-verma</data>
      </datatype>
      <datatype id="11032102-6a28-4349-83a6-f7fcc59fc7da" type="Hostname">
        <data>shivam-garg</data>
      </datatype>
      <datatype id="1186623d-a287-498d-ae18-8cd6f9204043" type="Hostname">
        <data>vikas-kanojia</data>
      </datatype>
      <datatype id="152a5251-ccf4-4e60-9577-c26a06bd7985" type="Hostname">
        <data>raghav-chopra</data>
      </datatype>
      <datatype id="152c6126-e113-4d6c-9e26-53b994c51756" type="Hostname">
        <data>vaishali-jain</data>
      </datatype>
      <datatype id="156980ed-0420-4e9a-aa95-fdcf74fcdbda" type="Hostname">
        <data>nikunj-prajapati</data>
      </datatype>
      <datatype id="1e13e820-5567-4294-9d2d-918d283bc585" type="Hostname">
        <data>jaskeerat-singh</data>
      </datatype>
      <datatype id="20e7acff-0438-43e0-af86-9f83f1135538" type="Hostname">
        <data>kanika-sharma.local</data>
      </datatype>
      <datatype id="2153eccc-fb58-48e8-a35d-05c464e1211d" type="Hostname">
        <data>it-16</data>
      </datatype>
      <datatype id="2948f1a2-3461-4552-b2e7-c6995434be5d" type="Hostname">
        <data>piyush-upadhyay</data>
      </datatype>
      <datatype id="2a7b9f32-9fb1-4186-8923-4a4a8660e610" type="Hostname">
        <data>roopal-joshi</data>
      </datatype>
      <datatype id="2a838903-e635-4092-8e6b-a62e0277b0aa" type="Hostname">
        <data>it-5</data>
      </datatype>
      <datatype id="2b7119a6-480e-4e56-90c3-709fbbea066f" type="Hostname">
        <data>rohan-gupta</data>
      </datatype>
      <datatype id="2cfd1b7a-e751-4747-9b71-5342c6839828" type="Hostname">
        <data>kanishk-verma.local</data>
      </datatype>
      <datatype id="316e46af-c0b9-434c-a709-bf374e980e26" type="Hostname">
        <data>nihar-mathur</data>
      </datatype>
      <datatype id="31900288-3c42-437a-9af0-dd3e65762b00" type="Hostname">
        <data>prikshit-gupta</data>
      </datatype>
      <datatype id="31be82df-2e78-4f4e-bbdc-dc3dbe956658" type="Hostname">
        <data>amitkhandelwal</data>
      </datatype>
      <datatype id="3220bfdf-aece-47fb-9c0e-707870a8e280" type="Hostname">
        <data>it-18</data>
      </datatype>
      <datatype id="33e27081-3f5a-4acc-b27f-bc8327d3058f" type="Hostname">
        <data>gaurav-tiwari</data>
      </datatype>
      <datatype id="3574ac28-0376-413f-934a-8d3cd713422f" type="Hostname">
        <data>abhimanyu-singh-(temp)</data>
      </datatype>
      <datatype id="3831ce3b-3938-492d-8b72-eb7a9db85fe5" type="Hostname">
        <data>bhuvnesh-salwan</data>
      </datatype>
      <datatype id="401cba90-f610-456b-8d44-2afa8db39074" type="Hostname">
        <data>sahil-gupta</data>
      </datatype>
      <datatype id="43918779-ac2e-4f0b-9c2e-1fb80d5f67c2" type="Hostname">
        <data>mayank-pruthi.local</data>
      </datatype>
      <datatype id="45d87a5c-cd05-443d-b393-b39be25fe4c3" type="Hostname">
        <data>harshit-yadav</data>
      </datatype>
      <datatype id="460d547d-8962-47ab-9f63-a900ac2cae7f" type="Hostname">
        <data>nishant-baranwal.local</data>
      </datatype>
      <datatype id="46130ecd-16d6-471a-9dfb-096e4dc53bb3" type="Hostname">
        <data>divyansh-goel</data>
      </datatype>
      <datatype id="46d78de9-b774-449d-9f78-719db51f143e" type="Hostname">
        <data>himanshu-dua</data>
      </datatype>
      <datatype id="485cfb86-6658-4e6e-892f-287fbe4f2b95" type="Hostname">
        <data>rajan-singh</data>
      </datatype>
      <datatype id="4bacfef9-a789-441e-b408-7fb7123ab81a" type="Hostname">
        <data>gaurav-munjal</data>
      </datatype>
      <datatype id="4d55e76e-2eea-4fa4-8057-1385f51f4f87" type="Hostname">
        <data>gurinder-singh</data>
      </datatype>
      <datatype id="4ed5e9e1-09f7-4b84-b3cf-e7b993e999bc" type="Hostname">
        <data>jitesh-gupta</data>
      </datatype>
      <datatype id="4eecb4c1-4843-4537-bc1a-fad09e0baa69" type="Hostname">
        <data>swetambari-sinha.local</data>
      </datatype>
      <datatype id="4f6c913e-e61d-4eb4-9564-e4f7c7b64de9" type="Hostname">
        <data>vimal-kumar</data>
      </datatype>
      <datatype id="50a22770-6e13-4e88-9811-ff24e83c82e9" type="Hostname">
        <data>nitika-garg</data>
      </datatype>
      <datatype id="51fc9421-3267-4725-afc3-08b630fbc489" type="Hostname">
        <data>himanshu-bindlish</data>
      </datatype>
      <datatype id="5808784f-28fe-4639-9504-1e9afeb4485a" type="Hostname">
        <data>ankit-kumar1</data>
      </datatype>
      <datatype id="5934b099-f465-4d87-afe0-328f0f4fcf56" type="Hostname">
        <data>akash-raja</data>
      </datatype>
      <datatype id="59e0afa6-bdba-4111-b605-a0b0b600d210" type="Hostname">
        <data>manoj-avasthi</data>
      </datatype>
      <datatype id="5fc111b1-5233-4968-a96b-b4573457f1e4" type="Hostname">
        <data>piyush-gurnule</data>
      </datatype>
      <datatype id="5fe94e51-81c8-4729-bfb9-d612bc0993d5" type="Hostname">
        <data>aswin-vb</data>
      </datatype>
      <datatype id="6136e695-f349-4b2f-b75e-57f0d2f0414c" type="Hostname">
        <data>nakul-kumar</data>
      </datatype>
      <datatype id="62ae8c57-7f58-4af3-a3aa-a7fdc139233e" type="Hostname">
        <data>harpreet-sohal</data>
      </datatype>
      <datatype id="63c33f5c-257b-48e5-aa59-3c4e81e76186" type="Hostname">
        <data>sumit-barthwal</data>
      </datatype>
      <datatype id="64c98d1e-70d0-4a49-8728-7b776e777dc6" type="Hostname">
        <data>nikhil-gupta</data>
      </datatype>
      <datatype id="650f2a92-28bd-49f0-bdb7-174f2b96ddb9" type="Hostname">
        <data>it-13</data>
      </datatype>
      <datatype id="655c035c-a8e5-4270-b7e5-2fb4aed31160" type="Hostname">
        <data>prateek-kumar.local</data>
      </datatype>
      <datatype id="6683e19b-f4cd-413b-b7f8-dfa7ea7580d3" type="Hostname">
        <data>interview-device-4.local</data>
      </datatype>
      <datatype id="67ce013a-c10b-42f6-a675-bf618474c99e" type="Hostname">
        <data>manish-sharma.local</data>
      </datatype>
      <datatype id="6a0acb58-000b-4760-95cd-d2b609daf2ae" type="Hostname">
        <data>himansh-pahwa.local</data>
      </datatype>
      <datatype id="6fa8bbe7-918c-4575-94bb-ac82200370f3" type="Hostname">
        <data>shashank-jain</data>
      </datatype>
      <datatype id="707a6d42-afa9-41f1-8f55-eb24487b8cac" type="Hostname">
        <data>sankalp-sharma</data>
      </datatype>
      <datatype id="7136c15e-f770-4dc9-ad39-e2cc867ddfa6" type="Hostname">
        <data>saransh-nagpal</data>
      </datatype>
      <datatype id="72a15bf3-4064-4989-98d9-c2424783d3b5" type="Hostname">
        <data>gaurav-tejwani</data>
      </datatype>
      <datatype id="7cb3ab79-6d2f-46a2-88a0-6262c81dc6e2" type="Hostname">
        <data>sony-rajput</data>
      </datatype>
      <datatype id="7cc5983f-b89c-4b9e-9a4e-1b77ec15fb82" type="Hostname">
        <data>manoj-kumar.local</data>
      </datatype>
      <datatype id="7d5d7f50-fcb4-4094-930b-4b19219c382b" type="Hostname">
        <data>tanmaya-kamal</data>
      </datatype>
      <datatype id="7e026d5e-da99-4dde-a7b4-5196bd5ac8a7" type="Hostname">
        <data>rohan-agarwal</data>
      </datatype>
      <datatype id="7e1b71f4-0dd9-4e17-85ac-4d6f289f3e24" type="Hostname">
        <data>shubham-batra</data>
      </datatype>
      <datatype id="7e716df7-82be-444b-b99f-db9e963e5c75" type="Hostname">
        <data>ansh-kamra</data>
      </datatype>
      <datatype id="800e3a3e-e957-4b1d-811e-e3dfff8347d9" type="Hostname">
        <data>mansha-chuttani</data>
      </datatype>
      <datatype id="82f98a7a-1bd6-4b14-a7af-4da030cf4973" type="Hostname">
        <data>anjali-singh</data>
      </datatype>
      <datatype id="833959d9-b208-44fe-a922-b2f551a564a5" type="Hostname">
        <data>anand-sharma</data>
      </datatype>
      <datatype id="83487c31-0f2d-478d-a42e-e4fa78af6634" type="Hostname">
        <data>sahil-goel</data>
      </datatype>
      <datatype id="83d6aef2-68fd-45a2-a66e-4fc735b53a8c" type="Hostname">
        <data>emtiyaj-ali</data>
      </datatype>
      <datatype id="84e8fbb5-08b9-4e0a-9c6e-62fbd11bfd8e" type="Hostname">
        <data>varun-naik</data>
      </datatype>
      <datatype id="85791995-8fac-4088-b5b0-542df44b5f36" type="Hostname">
        <data>lata-keshwani</data>
      </datatype>
      <datatype id="85feb954-9e78-4783-b704-333f223f4368" type="Hostname">
        <data>mayank-garg.local</data>
      </datatype>
      <datatype id="86ef9665-4e8c-448f-9cfe-e1c6b2493984" type="Hostname">
        <data>ankita-raiyani</data>
      </datatype>
      <datatype id="871072b4-1115-4daf-9bbd-0db2a1b43c0b" type="Hostname">
        <data>jatin-makhija</data>
      </datatype>
      <datatype id="878963d8-12ab-4356-9970-1befe90a9b69" type="Hostname">
        <data>ketan-sethi</data>
      </datatype>
      <datatype id="882e331f-d58b-47f5-a730-4596877a7860" type="Hostname">
        <data>parerak-bhatia</data>
      </datatype>
      <datatype id="883d442e-b3c2-4edc-82dd-98bcc697f2e0" type="Hostname">
        <data>gopal-sharma.local</data>
      </datatype>
      <datatype id="8a4de40d-ef8d-4f62-9c70-2bb001acebb4" type="Hostname">
        <data>it-8</data>
      </datatype>
      <datatype id="8a53ce68-3e82-41b0-9619-86bb9e4f1a67" type="Hostname">
        <data>tarun-jain</data>
      </datatype>
      <datatype id="8ae4dc29-867f-4c7d-b2f7-cf4f38cadd85" type="Hostname">
        <data>ankit-singh</data>
      </datatype>
      <datatype id="8b704e49-002d-49d2-ba63-c27925a69210" type="Hostname">
        <data>prashanth-yn.local</data>
      </datatype>
      <datatype id="8beec9da-0783-4b8e-bdd5-596aed6cb102" type="Hostname">
        <data>iqbal-khan</data>
      </datatype>
      <datatype id="8ee4e8c3-7c27-4a30-91be-68a1342cb05d" type="Hostname">
        <data>utkarsh-saxena.local</data>
      </datatype>
      <datatype id="92a3017f-da08-4e63-86f1-f0ce5d1db470" type="Hostname">
        <data>kumar-aggarwal.local</data>
      </datatype>
      <datatype id="97592b1f-73e3-4196-aee6-edea14149b8b" type="Hostname">
        <data>avay-kumar.local</data>
      </datatype>
      <datatype id="97d56b14-3058-46b0-9523-4ed9149e8abc" type="Hostname">
        <data>mudassir-fazal</data>
      </datatype>
      <datatype id="9897f9fc-b3ab-4109-812d-9c040ae23f09" type="Hostname">
        <data>divyani-gupta</data>
      </datatype>
      <datatype id="9afedfca-9a40-45d0-ae68-78f0d073c01f" type="Hostname">
        <data>ujjwal-goyal</data>
      </datatype>
      <datatype id="9ba996a4-6d4f-40bf-b74e-caf45aefb902" type="Hostname">
        <data>chetan-gupta.local</data>
      </datatype>
      <datatype id="9c30eb54-4a75-4adb-a5af-21f5ff513a11" type="Hostname">
        <data>ankit-banka</data>
      </datatype>
      <datatype id="9c9450de-5682-482f-b6df-81eed7c26e94" type="Hostname">
        <data>ashish-jain</data>
      </datatype>
      <datatype id="9e16de01-b7b1-4b02-83a1-dbeed0facb70" type="Hostname">
        <data>arun-kumar</data>
      </datatype>
      <datatype id="9ea2128a-6c94-4f19-b73a-4cd9d6125e38" type="Hostname">
        <data>it24.local</data>
      </datatype>
      <datatype id="9fc8e6d9-a19d-4589-998e-3aef2e777874" type="Hostname">
        <data>jaskirat-singh</data>
      </datatype>
      <datatype id="a34d2586-22ac-4d0e-8046-665de51abe62" type="Hostname">
        <data>imran-beg</data>
      </datatype>
      <datatype id="a5972d53-ea4d-4bed-b57e-48af5660c889" type="Hostname">
        <data>pankaj-garg</data>
      </datatype>
      <datatype id="a90db77c-73b1-4853-ab64-e26b3cccc173" type="Hostname">
        <data>raghav-sharma</data>
      </datatype>
      <datatype id="aa64901c-c681-45b6-81ed-2c5a5755b16a" type="Hostname">
        <data>it-2</data>
      </datatype>
      <datatype id="aaceee5b-51f8-4edf-8e42-9a2c6c107a00" type="Hostname">
        <data>chirag-kataria.local</data>
      </datatype>
      <datatype id="ab041a51-9909-4359-87d1-fb5baa108c61" type="Hostname">
        <data>manmeet-singh.local</data>
      </datatype>
      <datatype id="ab265340-4412-4b7a-a6a2-d28f55d96167" type="Hostname">
        <data>akash-raj</data>
      </datatype>
      <datatype id="ac043336-b9c4-47c2-a565-07ce68be36b8" type="Hostname">
        <data>shishir-pandey</data>
      </datatype>
      <datatype id="aed4d976-fd22-4a78-944f-cc62cbdeef92" type="Hostname">
        <data>saamarth-gupta.local</data>
      </datatype>
      <datatype id="af9dc55c-8bbc-45e8-bac6-1c0a4f764bcc" type="Hostname">
        <data>love-soni</data>
      </datatype>
      <datatype id="b81dc226-9d06-4156-bc59-ef775128ff2a" type="Hostname">
        <data>vipul-tiwari</data>
      </datatype>
      <datatype id="b8a94ec6-b798-40e4-a18b-2341ac7805f6" type="Hostname">
        <data>divya-gupta</data>
      </datatype>
      <datatype id="b9551254-998c-42a8-83cd-940c4024b745" type="Hostname">
        <data>manish-nischal</data>
      </datatype>
      <datatype id="b9f3e21f-5943-4617-a4ba-0ca060e0177b" type="Hostname">
        <data>himanshu-parwani</data>
      </datatype>
      <datatype id="bc105cad-d9df-4669-80f6-e3843f4ba7f7" type="Hostname">
        <data>rajesh-gupta</data>
      </datatype>
      <datatype id="bd141c2b-daf5-4ec9-8c40-41f2dc80df4d" type="Hostname">
        <data>gopal-gupta</data>
      </datatype>
      <datatype id="bdc39d11-5299-4529-b09d-2584a75f2be3" type="Hostname">
        <data>anshul-garg</data>
      </datatype>
      <datatype id="bf5e798a-313b-4dfa-8ea3-4041f3a165ac" type="Hostname">
        <data>hemant-aggarwal</data>
      </datatype>
      <datatype id="bf7b0ff2-ab32-4d07-a750-8d86f3df98e7" type="Hostname">
        <data>rahul-kumar</data>
      </datatype>
      <datatype id="bf9f8a98-13c0-44e3-821f-897445b7d6cb" type="Hostname">
        <data>utsav-jain</data>
      </datatype>
      <datatype id="c32def1c-a00a-443e-b581-77a859966f81" type="Hostname">
        <data>rajesh-kumar</data>
      </datatype>
      <datatype id="c40b0aba-9bb2-4a33-861b-dd76df82e958" type="Hostname">
        <data>it39s-macbook-pro.local</data>
      </datatype>
      <datatype id="c4b41048-6f0b-48a3-b3c5-8f7fcc6574da" type="Hostname">
        <data>nitin-choudhary</data>
      </datatype>
      <datatype id="c794f11f-006a-4c71-aa68-05228cff9a35" type="Hostname">
        <data>bhavesh-agarwal</data>
      </datatype>
      <datatype id="c978c835-df3c-41ff-99cc-ca9ccec10283" type="Hostname">
        <data>shantanu-chauhan.local</data>
      </datatype>
      <datatype id="c9e56cfc-f411-43ed-a977-042c0b1d39e8" type="Hostname">
        <data>arjun-gambhir</data>
      </datatype>
      <datatype id="cdd6cca0-678d-4be5-be7e-af8b7abe33b1" type="Hostname">
        <data>it-12</data>
      </datatype>
      <datatype id="cf9412e2-2fc9-45b6-ba01-94481f28fc26" type="Hostname">
        <data>it-15</data>
      </datatype>
      <datatype id="d054413f-2325-4ca2-bce8-4456898486a0" type="Hostname">
        <data>niti-srivastava</data>
      </datatype>
      <datatype id="d11b624e-1c8e-417d-a45b-070079ab27ca" type="Hostname">
        <data>macbook-pro.local</data>
      </datatype>
      <datatype id="d162f26d-d909-4cd9-a660-1e4cf1ee44b0" type="Hostname">
        <data>abhishek-gupta</data>
      </datatype>
      <datatype id="d3f284bd-fefa-495f-9284-60aa43a8b8e8" type="Hostname">
        <data>it19s-macbook-pro.local</data>
      </datatype>
      <datatype id="d517fc6f-184b-41a0-9ac0-397a3917d411" type="Hostname">
        <data>kushagra-sharma</data>
      </datatype>
      <datatype id="d5eb205b-bbb9-426f-b040-4d86db320e3d" type="Hostname">
        <data>sahin-sarkar</data>
      </datatype>
      <datatype id="d6ffb4f2-2c93-48c4-b19f-17d9357be62c" type="Hostname">
        <data>lavish-bansal.local</data>
      </datatype>
      <datatype id="df425084-9a94-4c19-aecd-ad2712faef05" type="Hostname">
        <data>it-1</data>
      </datatype>
      <datatype id="e1e6c2da-288a-4b62-943f-a370addfc425" type="Hostname">
        <data>madhu-khoba</data>
      </datatype>
      <datatype id="e2252b08-5f68-4ee9-9af6-1194b330168e" type="Hostname">
        <data>mohamed-ashfaq.local</data>
      </datatype>
      <datatype id="e33464de-74a8-4b12-a218-e716d7957936" type="Hostname">
        <data>raghvendra-shri</data>
      </datatype>
      <datatype id="e4c3b5a3-0fdb-4158-b805-4387f328f24c" type="Hostname">
        <data>umesh-bhati</data>
      </datatype>
      <datatype id="e902e22d-339c-4aa8-bcec-6ed13c9f04c7" type="Hostname">
        <data>jasbir-singh</data>
      </datatype>
      <datatype id="eb788b50-4848-4bc6-889b-42be27a6ed04" type="Hostname">
        <data>ankur-sachdeva</data>
      </datatype>
      <datatype id="ecaeda6b-bb2b-4bd4-88b2-3e1c3eaf7ed9" type="Hostname">
        <data>krishnatl.local</data>
      </datatype>
      <datatype id="ed9f0a73-7e52-40ac-8868-405b6693800e" type="Hostname">
        <data>interview-device-3.local</data>
      </datatype>
      <datatype id="f18c183b-99c9-4f6e-88c0-327d04cb23b3" type="Hostname">
        <data>thanglianpau-boipu</data>
      </datatype>
      <datatype id="f2055fc3-418d-4844-9907-b3efc209967c" type="Hostname">
        <data>deeksha-verma.local</data>
      </datatype>
      <datatype id="f40a589a-1bbd-4985-a1f8-aaa7f8798b06" type="Hostname">
        <data>varun-kapoor</data>
      </datatype>
      <datatype id="f472db61-7a0b-4475-88a2-8b087e02e824" type="Hostname">
        <data>tarun-jhunjhunwala</data>
      </datatype>
      <datatype id="f7cd4818-5920-4d8c-b0fa-bb7ea2db55eb" type="Hostname">
        <data>kunal-kewalramani.local</data>
      </datatype>
      <datatype id="fa2c69f1-6d40-4c22-89ed-09b7c362d21b" type="Hostname">
        <data>sonam-ahuja</data>
      </datatype>
      <datatype id="fa8b3613-d3aa-4923-8a1e-eab2c7965928" type="Hostname">
        <data>abhishek-lodha</data>
      </datatype>
      <datatype id="fc4f47ee-4fe5-4b11-9993-f42399e16aef" type="Hostname">
        <data>vipin-chaudhary</data>
      </datatype>
      <datatype id="fe292bde-b2da-4227-8057-45c91e5f40ec" type="Hostname">
        <data>pratik-mishra</data>
      </datatype>
      <datatype id="ff1aeda5-0541-419e-977b-29a1f51f20ef" type="Hostname">
        <data>hemant-joshi</data>
      </datatype>
      <datatype id="7831da16-86a4-4992-ad1a-d646f2ac680b" type="Hostname">
        <data>it10s-macbook-pro.local</data>
      </datatype>
      <datatype id="1ed38b6d-ab42-4420-b102-df4f572f6436" type="Domain">
        <data>*.salesforce.com</data>
        <data>salesforce.com</data>
        <memberOf>d149e009-a35b-44c3-a74c-56c7b82dd7b1</memberOf>
      </datatype>
      <datatype id="1ed38b6d-ab42-4420-b102-df4f572f6436" type="Domain">
        <data>*.salesforce.com</data>
        <data>salesforce.com</data>
        <memberOf>d149e009-a35b-44c3-a74c-56c7b82dd7b1</memberOf>
      </datatype>
      <datatype id="2a208f31-7f53-4e01-8b17-24a7938d24f2" type="Domain">
        <data>*.eclipsys.com</data>
        <data>eclipsys.com</data>
        <memberOf>d149e009-a35b-44c3-a74c-56c7b82dd7b1</memberOf>
      </datatype>
      <datatype id="2a208f31-7f53-4e01-8b17-24a7938d24f2" type="Domain">
        <data>*.eclipsys.com</data>
        <data>eclipsys.com</data>
        <memberOf>d149e009-a35b-44c3-a74c-56c7b82dd7b1</memberOf>
      </datatype>
      <datatype id="3c911d3f-d4ba-451c-b048-54f50644a6b4" type="Domain">
        <data>*.aplicor.com</data>
        <data>aplicor.com</data>
        <memberOf>d149e009-a35b-44c3-a74c-56c7b82dd7b1</memberOf>
      </datatype>
      <datatype id="3c911d3f-d4ba-451c-b048-54f50644a6b4" type="Domain">
        <data>*.aplicor.com</data>
        <data>aplicor.com</data>
        <memberOf>d149e009-a35b-44c3-a74c-56c7b82dd7b1</memberOf>
      </datatype>
      <datatype id="45a961d5-b4dc-4328-a497-c2d64a3d688f" type="Domain">
        <data>*.igreat.com</data>
        <data>igreat.com</data>
        <memberOf>d149e009-a35b-44c3-a74c-56c7b82dd7b1</memberOf>
      </datatype>
      <datatype id="45a961d5-b4dc-4328-a497-c2d64a3d688f" type="Domain">
        <data>*.igreat.com</data>
        <data>igreat.com</data>
        <memberOf>d149e009-a35b-44c3-a74c-56c7b82dd7b1</memberOf>
      </datatype>
      <datatype id="5f1d204f-8d30-41b7-a3dc-e0123400a35d" type="Domain">
        <data>*.eclinicalworks.com</data>
        <data>eclinicalworks.com</data>
        <memberOf>d149e009-a35b-44c3-a74c-56c7b82dd7b1</memberOf>
      </datatype>
      <datatype id="5f1d204f-8d30-41b7-a3dc-e0123400a35d" type="Domain">
        <data>*.eclinicalworks.com</data>
        <data>eclinicalworks.com</data>
        <memberOf>d149e009-a35b-44c3-a74c-56c7b82dd7b1</memberOf>
      </datatype>
      <datatype id="6f4a6175-3acd-4082-9653-e59fe0acb58e" type="Domain">
        <data>*.allegiancemd.com</data>
        <data>allegiancemd.com</data>
        <memberOf>d149e009-a35b-44c3-a74c-56c7b82dd7b1</memberOf>
      </datatype>
      <datatype id="6f4a6175-3acd-4082-9653-e59fe0acb58e" type="Domain">
        <data>*.allegiancemd.com</data>
        <data>allegiancemd.com</data>
        <memberOf>d149e009-a35b-44c3-a74c-56c7b82dd7b1</memberOf>
      </datatype>
      <datatype id="818c4ebc-cc3d-4b79-95ab-a3bee6ef432b" type="Domain">
        <data>*.ingenix.com</data>
        <data>ingenix.com</data>
        <memberOf>d149e009-a35b-44c3-a74c-56c7b82dd7b1</memberOf>
      </datatype>
      <datatype id="818c4ebc-cc3d-4b79-95ab-a3bee6ef432b" type="Domain">
        <data>*.ingenix.com</data>
        <data>ingenix.com</data>
        <memberOf>d149e009-a35b-44c3-a74c-56c7b82dd7b1</memberOf>
      </datatype>
      <datatype id="8d287524-a0bc-4bf1-a134-ed3e059506c7" type="Domain">
        <data>*.crm.com</data>
        <data>crm.com</data>
        <memberOf>d149e009-a35b-44c3-a74c-56c7b82dd7b1</memberOf>
      </datatype>
      <datatype id="8d287524-a0bc-4bf1-a134-ed3e059506c7" type="Domain">
        <data>*.crm.com</data>
        <data>crm.com</data>
        <memberOf>d149e009-a35b-44c3-a74c-56c7b82dd7b1</memberOf>
      </datatype>
      <datatype id="9acbdcc5-29f0-4d4b-a37b-ac87da0fbaf5" type="Domain">
        <data>*.workday.com</data>
        <data>workday.com</data>
        <memberOf>d149e009-a35b-44c3-a74c-56c7b82dd7b1</memberOf>
      </datatype>
      <datatype id="9acbdcc5-29f0-4d4b-a37b-ac87da0fbaf5" type="Domain">
        <data>*.workday.com</data>
        <data>workday.com</data>
        <memberOf>d149e009-a35b-44c3-a74c-56c7b82dd7b1</memberOf>
      </datatype>
      <datatype id="b5f3885b-247f-41de-8755-e4f311c9e538" type="Domain">
        <data>*.hostanalytics.com</data>
        <data>hostanalytics.com</data>
        <memberOf>d149e009-a35b-44c3-a74c-56c7b82dd7b1</memberOf>
      </datatype>
      <datatype id="b5f3885b-247f-41de-8755-e4f311c9e538" type="Domain">
        <data>*.hostanalytics.com</data>
        <data>hostanalytics.com</data>
        <memberOf>d149e009-a35b-44c3-a74c-56c7b82dd7b1</memberOf>
      </datatype>
      <datatype id="bcc8abf8-8f73-42ce-b8d5-78366ffedce9" type="Domain">
        <data>*.force.com</data>
        <data>force.com</data>
      </datatype>
      <datatype id="bcc8abf8-8f73-42ce-b8d5-78366ffedce9" type="Domain">
        <data>*.force.com</data>
        <data>force.com</data>
      </datatype>
      <datatype id="c963d825-adcf-4241-98ff-ad0c958e44f1" type="Domain">
        <data>*.rightnow.com</data>
        <data>rightnow.com</data>
        <memberOf>d149e009-a35b-44c3-a74c-56c7b82dd7b1</memberOf>
      </datatype>
      <datatype id="c963d825-adcf-4241-98ff-ad0c958e44f1" type="Domain">
        <data>*.rightnow.com</data>
        <data>rightnow.com</data>
        <memberOf>d149e009-a35b-44c3-a74c-56c7b82dd7b1</memberOf>
      </datatype>
      <datatype id="ddd2e3e7-f6f3-415b-8b9f-6db3e73e05ae" type="Domain">
        <data>*.netsuite.com</data>
        <data>netsuite.com</data>
        <memberOf>d149e009-a35b-44c3-a74c-56c7b82dd7b1</memberOf>
      </datatype>
      <datatype id="ddd2e3e7-f6f3-415b-8b9f-6db3e73e05ae" type="Domain">
        <data>*.netsuite.com</data>
        <data>netsuite.com</data>
        <memberOf>d149e009-a35b-44c3-a74c-56c7b82dd7b1</memberOf>
      </datatype>
      <datatype id="f0b89527-8ace-47f2-88f0-d58bebf2a832" type="Domain">
        <data>*.sequelmed.com</data>
        <data>sequelmed.com</data>
        <memberOf>d149e009-a35b-44c3-a74c-56c7b82dd7b1</memberOf>
      </datatype>
      <datatype id="f0b89527-8ace-47f2-88f0-d58bebf2a832" type="Domain">
        <data>*.sequelmed.com</data>
        <data>sequelmed.com</data>
        <memberOf>d149e009-a35b-44c3-a74c-56c7b82dd7b1</memberOf>
      </datatype>
      <datatype id="f3a7f9b2-bd5f-47cd-8029-87231fa7c207" type="Domain">
        <data>*.crmondemand.com</data>
        <data>crmondemand.com</data>
        <memberOf>d149e009-a35b-44c3-a74c-56c7b82dd7b1</memberOf>
      </datatype>
      <datatype id="f3a7f9b2-bd5f-47cd-8029-87231fa7c207" type="Domain">
        <data>*.crmondemand.com</data>
        <data>crmondemand.com</data>
        <memberOf>d149e009-a35b-44c3-a74c-56c7b82dd7b1</memberOf>
      </datatype>
      <datatype id="fbe31a7f-0ee5-4c9e-bd2e-1d9419df1c34" type="Domain">
        <data>*.intacct.com</data>
        <data>intacct.com</data>
        <memberOf>d149e009-a35b-44c3-a74c-56c7b82dd7b1</memberOf>
      </datatype>
      <datatype id="fbe31a7f-0ee5-4c9e-bd2e-1d9419df1c34" type="Domain">
        <data>*.intacct.com</data>
        <data>intacct.com</data>
        <memberOf>d149e009-a35b-44c3-a74c-56c7b82dd7b1</memberOf>
      </datatype>
      <datatype id="070d846c-66f3-4006-abcb-cd5a4a075944" type="Domain">
        <data>*github.com</data>
      </datatype>
      <datatype id="2ab55514-db34-451b-a86a-43b3a4a89a33" type="Domain">
        <data>deutschetelekom.darwinbox.in</data>
        <memberOf>d149e009-a35b-44c3-a74c-56c7b82dd7b1</memberOf>
      </datatype>
      <datatype id="49277cee-7622-4bca-9892-3dcc004a92a0" type="Domain">
        <data>play.google.com</data>
        <memberOf>d149e009-a35b-44c3-a74c-56c7b82dd7b1</memberOf>
      </datatype>
      <datatype id="850e8abe-1bc0-41c2-b5d2-e47be1a4b2fe" type="Domain">
        <data>outlook.office.com</data>
        <memberOf>d149e009-a35b-44c3-a74c-56c7b82dd7b1</memberOf>
      </datatype>
      <datatype id="88ba4fba-82e8-4498-8898-9048356cf88d" type="Domain">
        <data>*microsoft.com</data>
        <memberOf>d149e009-a35b-44c3-a74c-56c7b82dd7b1</memberOf>
      </datatype>
      <datatype id="26379e68-82fa-46ff-9345-b0df7d6803bf" type="Domain">
        <data>git.dev.t-mobile.at</data>
        <memberOf>d149e009-a35b-44c3-a74c-56c7b82dd7b1</memberOf>
      </datatype>
      <datatype id="3b983c14-c1e3-47dd-8edb-2d7b6e8a2b41" type="Domain">
        <data>confluence.dtoneapp.telekom.net</data>
        <memberOf>d149e009-a35b-44c3-a74c-56c7b82dd7b1</memberOf>
      </datatype>
      <datatype id="4e029c12-f389-4341-8582-1ec1fa42ab09" type="Domain">
        <data>*.yo-digital.com</data>
        <data>yo-digital.com</data>
        <memberOf>d149e009-a35b-44c3-a74c-56c7b82dd7b1</memberOf>
      </datatype>
      <datatype id="4e029c12-f389-4341-8582-1ec1fa42ab09" type="Domain">
        <data>*.yo-digital.com</data>
        <data>yo-digital.com</data>
        <memberOf>d149e009-a35b-44c3-a74c-56c7b82dd7b1</memberOf>
      </datatype>
      <datatype id="ae5716fc-9602-4780-b64a-6a4647df5be2" type="Domain">
        <data>inc-excel.officeapps.live.com</data>
        <memberOf>d149e009-a35b-44c3-a74c-56c7b82dd7b1</memberOf>
      </datatype>
      <datatype id="edb6a7d6-1730-4826-a7ba-70a8d02a5095" type="Domain">
        <data>www.coursera.org</data>
        <memberOf>d149e009-a35b-44c3-a74c-56c7b82dd7b1</memberOf>
      </datatype>
      <datatype id="1459723a-af87-4947-9e05-464d8af86094" type="Domain">
        <data>inc-powerpoint.officeapps.live.com</data>
        <memberOf>d149e009-a35b-44c3-a74c-56c7b82dd7b1</memberOf>
      </datatype>
      <datatype id="2020a28e-967c-4da9-aa40-9644ed197629" type="Domain">
        <data>*.adobe.com</data>
        <data>adobe.com</data>
        <memberOf>d149e009-a35b-44c3-a74c-56c7b82dd7b1</memberOf>
      </datatype>
      <datatype id="2020a28e-967c-4da9-aa40-9644ed197629" type="Domain">
        <data>*.adobe.com</data>
        <data>adobe.com</data>
        <memberOf>d149e009-a35b-44c3-a74c-56c7b82dd7b1</memberOf>
      </datatype>
      <datatype id="40dde3b9-b695-4a1a-a6c0-729a93ad83c5" type="Domain">
        <data>gitlab.dtoneapp.telekom.net</data>
        <memberOf>d149e009-a35b-44c3-a74c-56c7b82dd7b1</memberOf>
      </datatype>
      <datatype id="4ea7c32c-a0d6-4a1f-b158-11310fcd1833" type="Domain">
        <data>jira.dtoneapp.telekom.net</data>
        <memberOf>d149e009-a35b-44c3-a74c-56c7b82dd7b1</memberOf>
      </datatype>
      <datatype id="593e5ed2-a6d2-4018-a770-351423ac2b06" type="Domain">
        <data>*.amazon.com</data>
        <data>amazon.com</data>
        <memberOf>d149e009-a35b-44c3-a74c-56c7b82dd7b1</memberOf>
      </datatype>
      <datatype id="593e5ed2-a6d2-4018-a770-351423ac2b06" type="Domain">
        <data>*.amazon.com</data>
        <data>amazon.com</data>
        <memberOf>d149e009-a35b-44c3-a74c-56c7b82dd7b1</memberOf>
      </datatype>
      <datatype id="66c39686-8522-4eff-b834-42aa43cbf01c" type="Domain">
        <data>*dlptest.com</data>
      </datatype>
      <datatype id="6d789136-1024-4754-9687-8f36b539afd4" type="Domain">
        <data>t-mobile-at-austria--qa1.lightning.force.com</data>
        <memberOf>d149e009-a35b-44c3-a74c-56c7b82dd7b1</memberOf>
      </datatype>
      <datatype id="8d01c57e-755d-4ff1-94fa-907c4cce9aeb" type="Domain">
        <data>gitlab.paas.telekom.hu</data>
        <memberOf>d149e009-a35b-44c3-a74c-56c7b82dd7b1</memberOf>
      </datatype>
      <datatype id="8e09fab2-8608-4e99-ae57-10e9955fb147" type="Domain">
        <data>*github*.com</data>
      </datatype>
      <datatype id="910d043f-5b39-4038-bd54-d9478d0a6ef5" type="Domain">
        <data>*.githubapp.com</data>
        <data>githubapp.com</data>
      </datatype>
      <datatype id="910d043f-5b39-4038-bd54-d9478d0a6ef5" type="Domain">
        <data>*.githubapp.com</data>
        <data>githubapp.com</data>
      </datatype>
      <datatype id="ac9b3c6b-96e7-435a-996e-ef2f8c4de261" type="Domain">
        <data>inc-word-edit.officeapps.live.com</data>
        <memberOf>d149e009-a35b-44c3-a74c-56c7b82dd7b1</memberOf>
      </datatype>
      <datatype id="bbfe08fb-4ef2-431d-8b94-9b222426c24c" type="Domain">
        <data>github*.amazonaws.com</data>
      </datatype>
      <datatype id="100" type="ApplicationID">
        <data>100</data>
        <memberOf>1</memberOf>
      </datatype>
      <datatype id="101" type="ApplicationID">
        <data>101</data>
        <memberOf>1</memberOf>
      </datatype>
      <datatype id="102" type="ApplicationID">
        <data>102</data>
        <memberOf>1</memberOf>
      </datatype>
      <datatype id="103" type="ApplicationID">
        <data>103</data>
        <memberOf>1</memberOf>
      </datatype>
      <datatype id="104" type="ApplicationID">
        <data>104</data>
        <memberOf>1</memberOf>
      </datatype>
      <datatype id="105" type="ApplicationID">
        <data>105</data>
        <memberOf>2</memberOf>
      </datatype>
      <datatype id="107" type="ApplicationID">
        <data>107</data>
        <memberOf>2</memberOf>
      </datatype>
      <datatype id="108" type="ApplicationID">
        <data>108</data>
        <memberOf>2</memberOf>
      </datatype>
      <datatype id="109" type="ApplicationID">
        <data>109</data>
        <memberOf>2</memberOf>
      </datatype>
      <datatype id="110" type="ApplicationID">
        <data>110</data>
        <memberOf>2</memberOf>
      </datatype>
      <datatype id="111" type="ApplicationID">
        <data>111</data>
        <memberOf>3</memberOf>
      </datatype>
      <datatype id="112" type="ApplicationID">
        <data>112</data>
        <memberOf>3</memberOf>
      </datatype>
      <datatype id="113" type="ApplicationID">
        <data>113</data>
        <memberOf>3</memberOf>
      </datatype>
      <datatype id="114" type="ApplicationID">
        <data>114</data>
        <memberOf>3</memberOf>
      </datatype>
      <datatype id="115" type="ApplicationID">
        <data>115</data>
        <memberOf>3</memberOf>
      </datatype>
      <datatype id="116" type="ApplicationID">
        <data>116</data>
        <memberOf>3</memberOf>
      </datatype>
      <datatype id="117" type="ApplicationID">
        <data>117</data>
        <memberOf>3</memberOf>
      </datatype>
      <datatype id="118" type="ApplicationID">
        <data>118</data>
        <memberOf>3</memberOf>
      </datatype>
      <datatype id="119" type="ApplicationID">
        <data>119</data>
        <memberOf>4</memberOf>
      </datatype>
      <datatype id="120" type="ApplicationID">
        <data>120</data>
        <memberOf>4</memberOf>
      </datatype>
      <datatype id="121" type="ApplicationID">
        <data>121</data>
        <memberOf>4</memberOf>
      </datatype>
      <datatype id="122" type="ApplicationID">
        <data>122</data>
        <memberOf>4</memberOf>
      </datatype>
      <datatype id="123" type="ApplicationID">
        <data>123</data>
        <memberOf>4</memberOf>
      </datatype>
      <datatype id="124" type="ApplicationID">
        <data>124</data>
        <memberOf>4</memberOf>
      </datatype>
      <datatype id="125" type="ApplicationID">
        <data>125</data>
        <memberOf>4</memberOf>
      </datatype>
      <datatype id="126" type="ApplicationID">
        <data>126</data>
        <memberOf>4</memberOf>
      </datatype>
      <datatype id="127" type="ApplicationID">
        <data>127</data>
        <memberOf>4</memberOf>
      </datatype>
      <datatype id="129" type="ApplicationID">
        <data>129</data>
        <memberOf>4</memberOf>
      </datatype>
      <datatype id="130" type="ApplicationID">
        <data>130</data>
        <memberOf>4</memberOf>
      </datatype>
      <datatype id="131" type="ApplicationID">
        <data>131</data>
        <memberOf>4</memberOf>
      </datatype>
      <datatype id="132" type="ApplicationID">
        <data>132</data>
        <memberOf>4</memberOf>
      </datatype>
      <datatype id="133" type="ApplicationID">
        <data>133</data>
        <memberOf>5</memberOf>
      </datatype>
      <datatype id="136" type="ApplicationID">
        <data>136</data>
        <memberOf>5</memberOf>
      </datatype>
      <datatype id="137" type="ApplicationID">
        <data>137</data>
        <memberOf>5</memberOf>
      </datatype>
      <datatype id="139" type="ApplicationID">
        <data>139</data>
        <memberOf>5</memberOf>
      </datatype>
      <datatype id="143" type="ApplicationID">
        <data>143</data>
        <memberOf>5</memberOf>
      </datatype>
      <datatype id="146" type="ApplicationID">
        <data>146</data>
        <memberOf>5</memberOf>
      </datatype>
      <datatype id="160" type="ApplicationID">
        <data>160</data>
        <memberOf>6</memberOf>
      </datatype>
      <datatype id="161" type="ApplicationID">
        <data>161</data>
        <memberOf>6</memberOf>
      </datatype>
      <datatype id="162" type="ApplicationID">
        <data>162</data>
        <memberOf>6</memberOf>
      </datatype>
      <datatype id="163" type="ApplicationID">
        <data>163</data>
        <memberOf>6</memberOf>
      </datatype>
      <datatype id="164" type="ApplicationID">
        <data>164</data>
        <memberOf>6</memberOf>
      </datatype>
      <datatype id="165" type="ApplicationID">
        <data>165</data>
        <memberOf>6</memberOf>
      </datatype>
      <datatype id="166" type="ApplicationID">
        <data>166</data>
        <memberOf>6</memberOf>
      </datatype>
      <datatype id="167" type="ApplicationID">
        <data>167</data>
        <memberOf>6</memberOf>
      </datatype>
      <datatype id="180" type="ApplicationID">
        <data>180</data>
        <memberOf>10</memberOf>
      </datatype>
      <datatype id="181" type="ApplicationID">
        <data>181</data>
        <memberOf>10</memberOf>
      </datatype>
      <datatype id="182" type="ApplicationID">
        <data>182</data>
        <memberOf>10</memberOf>
      </datatype>
      <datatype id="183" type="ApplicationID">
        <data>183</data>
        <memberOf>10</memberOf>
      </datatype>
      <datatype id="184" type="ApplicationID">
        <data>184</data>
        <memberOf>1</memberOf>
        <memberOf>10</memberOf>
      </datatype>
      <datatype id="200" type="ApplicationID">
        <data>200</data>
        <memberOf>11</memberOf>
      </datatype>
      <datatype id="201" type="ApplicationID">
        <data>201</data>
        <memberOf>11</memberOf>
      </datatype>
      <datatype id="202" type="ApplicationID">
        <data>202</data>
        <memberOf>11</memberOf>
      </datatype>
      <datatype id="203" type="ApplicationID">
        <data>203</data>
        <memberOf>11</memberOf>
      </datatype>
      <datatype id="204" type="ApplicationID">
        <data>204</data>
        <memberOf>11</memberOf>
      </datatype>
      <datatype id="205" type="ApplicationID">
        <data>205</data>
        <memberOf>11</memberOf>
      </datatype>
      <datatype id="206" type="ApplicationID">
        <data>206</data>
        <memberOf>11</memberOf>
      </datatype>
      <datatype id="207" type="ApplicationID">
        <data>207</data>
        <memberOf>11</memberOf>
      </datatype>
      <datatype id="208" type="ApplicationID">
        <data>208</data>
        <memberOf>11</memberOf>
      </datatype>
      <datatype id="209" type="ApplicationID">
        <data>209</data>
        <memberOf>11</memberOf>
      </datatype>
      <datatype id="210" type="ApplicationID">
        <data>210</data>
        <memberOf>11</memberOf>
      </datatype>
      <datatype id="211" type="ApplicationID">
        <data>211</data>
        <memberOf>11</memberOf>
      </datatype>
      <datatype id="212" type="ApplicationID">
        <data>212</data>
        <memberOf>11</memberOf>
      </datatype>
      <datatype id="213" type="ApplicationID">
        <data>213</data>
        <memberOf>11</memberOf>
      </datatype>
      <datatype id="214" type="ApplicationID">
        <data>214</data>
        <memberOf>11</memberOf>
      </datatype>
      <datatype id="215" type="ApplicationID">
        <data>215</data>
        <memberOf>11</memberOf>
      </datatype>
      <datatype id="216" type="ApplicationID">
        <data>216</data>
        <memberOf>11</memberOf>
      </datatype>
      <datatype id="217" type="ApplicationID">
        <data>217</data>
        <memberOf>11</memberOf>
      </datatype>
      <datatype id="230" type="ApplicationID">
        <data>230</data>
        <memberOf>8</memberOf>
      </datatype>
      <datatype id="231" type="ApplicationID">
        <data>231</data>
        <memberOf>8</memberOf>
      </datatype>
      <datatype id="232" type="ApplicationID">
        <data>232</data>
        <memberOf>8</memberOf>
      </datatype>
      <datatype id="233" type="ApplicationID">
        <data>233</data>
        <memberOf>8</memberOf>
      </datatype>
      <datatype id="240" type="ApplicationID">
        <data>240</data>
        <memberOf>9</memberOf>
      </datatype>
      <datatype id="241" type="ApplicationID">
        <data>241</data>
        <memberOf>9</memberOf>
      </datatype>
      <datatype id="242" type="ApplicationID">
        <data>242</data>
        <memberOf>9</memberOf>
      </datatype>
      <datatype id="300" type="ApplicationID">
        <data>300</data>
        <memberOf>3</memberOf>
      </datatype>
      <datatype id="301" type="ApplicationID">
        <data>301</data>
        <memberOf>3</memberOf>
      </datatype>
      <datatype id="310" type="ApplicationID">
        <data>310</data>
        <memberOf>11</memberOf>
      </datatype>
      <datatype id="312" type="ApplicationID">
        <data>312</data>
        <memberOf>5</memberOf>
      </datatype>
      <datatype id="313" type="ApplicationID">
        <data>313</data>
        <memberOf>1</memberOf>
      </datatype>
      <datatype id="314" type="ApplicationID">
        <data>314</data>
        <memberOf>1</memberOf>
      </datatype>
      <datatype id="315" type="ApplicationID">
        <data>315</data>
        <memberOf>4</memberOf>
      </datatype>
      <datatype id="350" type="ApplicationID">
        <data>350</data>
        <memberOf>12</memberOf>
      </datatype>
      <datatype id="351" type="ApplicationID">
        <data>351</data>
        <memberOf>12</memberOf>
      </datatype>
      <datatype id="352" type="ApplicationID">
        <data>352</data>
        <memberOf>12</memberOf>
      </datatype>
      <datatype id="353" type="ApplicationID">
        <data>353</data>
        <memberOf>12</memberOf>
      </datatype>
      <datatype id="354" type="ApplicationID">
        <data>354</data>
        <memberOf>12</memberOf>
      </datatype>
      <datatype id="355" type="ApplicationID">
        <data>355</data>
        <memberOf>11</memberOf>
      </datatype>
      <datatype id="356" type="ApplicationID">
        <data>356</data>
        <memberOf>11</memberOf>
      </datatype>
      <datatype id="357" type="ApplicationID">
        <data>357</data>
        <memberOf>6</memberOf>
      </datatype>
      <datatype id="358" type="ApplicationID">
        <data>358</data>
        <memberOf>5</memberOf>
      </datatype>
      <datatype id="359" type="ApplicationID">
        <data>359</data>
        <memberOf>2</memberOf>
      </datatype>
      <datatype id="360" type="ApplicationID">
        <data>360</data>
        <memberOf>11</memberOf>
      </datatype>
      <datatype id="361" type="ApplicationID">
        <data>361</data>
        <memberOf>11</memberOf>
      </datatype>
      <datatype id="362" type="ApplicationID">
        <data>362</data>
        <memberOf>11</memberOf>
      </datatype>
      <datatype id="363" type="ApplicationID">
        <data>363</data>
        <memberOf>11</memberOf>
      </datatype>
      <datatype id="364" type="ApplicationID">
        <data>364</data>
        <memberOf>5</memberOf>
      </datatype>
      <datatype id="365" type="ApplicationID">
        <data>365</data>
        <memberOf>5</memberOf>
      </datatype>
      <datatype id="366" type="ApplicationID">
        <data>366</data>
        <memberOf>11</memberOf>
      </datatype>
      <datatype id="367" type="ApplicationID">
        <data>367</data>
        <memberOf>5</memberOf>
      </datatype>
      <datatype id="368" type="ApplicationID">
        <data>368</data>
        <memberOf>5</memberOf>
      </datatype>
      <datatype id="369" type="ApplicationID">
        <data>369</data>
        <memberOf>6</memberOf>
      </datatype>
      <datatype id="370" type="ApplicationID">
        <data>370</data>
        <memberOf>6</memberOf>
      </datatype>
      <datatype id="371" type="ApplicationID">
        <data>371</data>
        <memberOf>11</memberOf>
      </datatype>
      <datatype id="372" type="ApplicationID">
        <data>372</data>
        <memberOf>11</memberOf>
      </datatype>
      <datatype id="373" type="ApplicationID">
        <data>373</data>
        <memberOf>11</memberOf>
      </datatype>
      <datatype id="374" type="ApplicationID">
        <data>374</data>
        <memberOf>5</memberOf>
      </datatype>
      <datatype id="375" type="ApplicationID">
        <data>375</data>
        <memberOf>5</memberOf>
      </datatype>
      <datatype id="376" type="ApplicationID">
        <data>376</data>
        <memberOf>5</memberOf>
      </datatype>
      <datatype id="377" type="ApplicationID">
        <data>377</data>
        <memberOf>5</memberOf>
      </datatype>
      <datatype id="378" type="ApplicationID">
        <data>378</data>
        <memberOf>5</memberOf>
      </datatype>
      <datatype id="380" type="ApplicationID">
        <data>380</data>
        <memberOf>5</memberOf>
      </datatype>
      <datatype id="381" type="ApplicationID">
        <data>381</data>
        <memberOf>12</memberOf>
      </datatype>
      <datatype id="382" type="ApplicationID">
        <data>382</data>
        <memberOf>12</memberOf>
      </datatype>
      <datatype id="383" type="ApplicationID">
        <data>383</data>
        <memberOf>12</memberOf>
      </datatype>
      <datatype id="384" type="ApplicationID">
        <data>384</data>
        <memberOf>12</memberOf>
      </datatype>
      <datatype id="385" type="ApplicationID">
        <data>385</data>
        <memberOf>12</memberOf>
      </datatype>
      <datatype id="386" type="ApplicationID">
        <data>386</data>
        <memberOf>5</memberOf>
      </datatype>
      <datatype id="400" type="ApplicationID">
        <data>400</data>
      </datatype>
      <datatype id="401" type="ApplicationID">
        <data>401</data>
      </datatype>
      <datatype id="402" type="ApplicationID">
        <data>402</data>
      </datatype>
      <datatype id="403" type="ApplicationID">
        <data>403</data>
      </datatype>
      <datatype id="404" type="ApplicationID">
        <data>404</data>
      </datatype>
      <datatype id="405" type="ApplicationID">
        <data>405</data>
      </datatype>
      <datatype id="407" type="ApplicationID">
        <data>407</data>
        <memberOf>6</memberOf>
      </datatype>
      <datatype id="408" type="ApplicationID">
        <data>408</data>
        <memberOf>12</memberOf>
      </datatype>
      <datatype id="409" type="ApplicationID">
        <data>409</data>
        <memberOf>2</memberOf>
      </datatype>
      <datatype id="410" type="ApplicationID">
        <data>410</data>
        <memberOf>2</memberOf>
      </datatype>
      <datatype id="1000" type="ApplicationID">
        <data>1000</data>
        <memberOf>51</memberOf>
      </datatype>
      <datatype id="1001" type="ApplicationID">
        <data>1001</data>
        <memberOf>51</memberOf>
      </datatype>
      <datatype id="1002" type="ApplicationID">
        <data>1002</data>
        <memberOf>51</memberOf>
      </datatype>
      <datatype id="1003" type="ApplicationID">
        <data>1003</data>
        <memberOf>51</memberOf>
      </datatype>
      <datatype id="1004" type="ApplicationID">
        <data>1004</data>
        <memberOf>51</memberOf>
      </datatype>
      <datatype id="1005" type="ApplicationID">
        <data>1005</data>
        <memberOf>51</memberOf>
      </datatype>
      <datatype id="1006" type="ApplicationID">
        <data>1006</data>
        <memberOf>51</memberOf>
      </datatype>
      <datatype id="1007" type="ApplicationID">
        <data>1007</data>
        <memberOf>51</memberOf>
      </datatype>
      <datatype id="1008" type="ApplicationID">
        <data>1008</data>
        <memberOf>51</memberOf>
      </datatype>
      <datatype id="1009" type="ApplicationID">
        <data>1009</data>
        <memberOf>52</memberOf>
      </datatype>
      <datatype id="1010" type="ApplicationID">
        <data>1010</data>
        <memberOf>52</memberOf>
      </datatype>
      <datatype id="1011" type="ApplicationID">
        <data>1011</data>
        <memberOf>52</memberOf>
      </datatype>
      <datatype id="1012" type="ApplicationID">
        <data>1012</data>
        <memberOf>52</memberOf>
      </datatype>
      <datatype id="1013" type="ApplicationID">
        <data>1013</data>
        <memberOf>52</memberOf>
      </datatype>
      <datatype id="1014" type="ApplicationID">
        <data>1014</data>
        <memberOf>52</memberOf>
      </datatype>
      <datatype id="390150" type="ApplicationID">
        <data>390150</data>
        <memberOf>390151</memberOf>
      </datatype>
      <datatype id="390152" type="ApplicationID">
        <data>390152</data>
        <memberOf>390151</memberOf>
      </datatype>
      <datatype id="390153" type="ApplicationID">
        <data>390153</data>
        <memberOf>51</memberOf>
      </datatype>
      <datatype id="002563AC-9B77-4D47-A47E-CAC8EA92C5FD" type="GeoLocation">
        <data>mg</data>
      </datatype>
      <datatype id="012E3E5E-D85D-4D06-B410-6D1937B33BCC" type="GeoLocation">
        <data>it</data>
      </datatype>
      <datatype id="01FB9098-D741-4003-83D1-18CFA0B73586" type="GeoLocation">
        <data>cu</data>
      </datatype>
      <datatype id="037D3944-A6A2-4491-8A22-0F9508A66D37" type="GeoLocation">
        <data>dz</data>
      </datatype>
      <datatype id="0706EE5E-0AFE-4EFD-956A-B199215AFC4D" type="GeoLocation">
        <data>au</data>
      </datatype>
      <datatype id="0863B4FD-CCD1-44B9-9AE2-8AD2E185EA48" type="GeoLocation">
        <data>ws</data>
      </datatype>
      <datatype id="093362D4-A41E-4283-85BC-15EE6BC8A84F" type="GeoLocation">
        <data>na</data>
      </datatype>
      <datatype id="09598887-B697-469C-8E7B-04FFFF82E761" type="GeoLocation">
        <data>ht</data>
      </datatype>
      <datatype id="09AF4F86-8C67-466D-84AA-35E325327BA8" type="GeoLocation">
        <data>tc</data>
      </datatype>
      <datatype id="0A25073A-A3A3-4FC6-B142-75E8DB767019" type="GeoLocation">
        <data>gr</data>
      </datatype>
      <datatype id="0C22AC92-0BF9-4362-AA7A-B4338E935CF4" type="GeoLocation">
        <data>vi</data>
      </datatype>
      <datatype id="0C485289-D339-44D1-AF32-A06B45A11E2F" type="GeoLocation">
        <data>ci</data>
      </datatype>
      <datatype id="0C4D5C58-3D93-4DBA-A4FE-DFE1C1B688B4" type="GeoLocation">
        <data>fr</data>
      </datatype>
      <datatype id="0D32AD6A-2F75-4D5C-A81B-6F3AB86BD816" type="GeoLocation">
        <data>bh</data>
      </datatype>
      <datatype id="0DF5ABF8-233E-422B-A0F5-0A2D5F8B9DAA" type="GeoLocation">
        <data>cx</data>
      </datatype>
      <datatype id="0E0AA64F-5440-44C4-BE5D-2DFD73C92CE0" type="GeoLocation">
        <data>ky</data>
      </datatype>
      <datatype id="0EEBD365-AE39-4204-BBFA-4CF97BE26A25" type="GeoLocation">
        <data>cz</data>
      </datatype>
      <datatype id="10175B12-66D3-4081-87C1-A0E2C2B4A1B3" type="GeoLocation">
        <data>fi</data>
      </datatype>
      <datatype id="1030923B-AD02-498D-83A8-9E7418C57D1E" type="GeoLocation">
        <data>tr</data>
      </datatype>
      <datatype id="1103509F-FC2A-4027-B131-85ADEDA7A5AC" type="GeoLocation">
        <data>tm</data>
      </datatype>
      <datatype id="1123A591-03B8-4409-A5C9-18985749E112" type="GeoLocation">
        <data>mh</data>
      </datatype>
      <datatype id="115E57A0-C6E2-4476-9E90-C7601FACA06B" type="GeoLocation">
        <data>tw</data>
      </datatype>
      <datatype id="122994EA-9809-4E14-BDCC-59BFF62C73A0" type="GeoLocation">
        <data>eh</data>
      </datatype>
      <datatype id="1243C999-7407-45D1-A4F7-B2BA42E207F3" type="GeoLocation">
        <data>lc</data>
      </datatype>
      <datatype id="1285E73E-5646-43EB-BF39-5FA0CEC3C149" type="GeoLocation">
        <data>ua</data>
      </datatype>
      <datatype id="139E207F-9E27-4E0A-975D-71BE1DC7FCA5" type="GeoLocation">
        <data>in</data>
      </datatype>
      <datatype id="19139E6C-3057-45AC-85A7-8E464D427633" type="GeoLocation">
        <data>hu</data>
      </datatype>
      <datatype id="19D9A31B-DABE-4856-98A5-5D9653C24D1F" type="GeoLocation">
        <data>bo</data>
      </datatype>
      <datatype id="19EB895A-FBB4-4C44-8C54-4E2AD522380B" type="GeoLocation">
        <data>ne</data>
      </datatype>
      <datatype id="1B3AABFD-CD1A-4F0E-B446-7BE045662B26" type="GeoLocation">
        <data>uy</data>
      </datatype>
      <datatype id="1B7CA192-E965-4784-8470-E04B65BBEFC2" type="GeoLocation">
        <data>ge</data>
      </datatype>
      <datatype id="1BB4F55B-D306-42D2-875E-147404511B8D" type="GeoLocation">
        <data>li</data>
      </datatype>
      <datatype id="1CC0B240-8A22-4ED2-B721-D65127C43077" type="GeoLocation">
        <data>cl</data>
      </datatype>
      <datatype id="1E7AA135-BEEA-41D0-9F7C-4E919EB8C5A9" type="GeoLocation">
        <data>lb</data>
      </datatype>
      <datatype id="1EE8225D-909B-49CB-BF7C-59872421F610" type="GeoLocation">
        <data>no</data>
      </datatype>
      <datatype id="1F23ADB0-63F0-4B21-AA17-B343826CB860" type="GeoLocation">
        <data>pn</data>
      </datatype>
      <datatype id="1F523A55-4C41-4715-B216-3EE889A21034" type="GeoLocation">
        <data>ro</data>
      </datatype>
      <datatype id="2029CEA0-D89E-4D91-AECD-4F97B388CBCA" type="GeoLocation">
        <data>pg</data>
      </datatype>
      <datatype id="20FBFB73-A6FD-44F5-9694-0E3A830282AB" type="GeoLocation">
        <data>bn</data>
      </datatype>
      <datatype id="21495620-3B83-4439-95D0-C8B84B988117" type="GeoLocation">
        <data>lr</data>
      </datatype>
      <datatype id="21876A3D-5B64-43B3-A722-539D8BDF482F" type="GeoLocation">
        <data>ag</data>
      </datatype>
      <datatype id="22019185-DA3D-43FD-A56C-6D8B21C04F34" type="GeoLocation">
        <data>cv</data>
      </datatype>
      <datatype id="2218BE42-7A45-4A52-AC62-699EEC1DE328" type="GeoLocation">
        <data>ly</data>
      </datatype>
      <datatype id="22C040C6-A841-42C1-8E15-79B36193D423" type="GeoLocation">
        <data>dk</data>
      </datatype>
      <datatype id="23368551-61BD-440A-ACE2-FFBFF7A69CBF" type="GeoLocation">
        <data>mw</data>
      </datatype>
      <datatype id="23B9477A-8AE5-431A-B28A-EDE248CFB195" type="GeoLocation">
        <data>er</data>
      </datatype>
      <datatype id="25894B14-9C97-459B-9CDD-30D01442A357" type="GeoLocation">
        <data>kz</data>
      </datatype>
      <datatype id="25A0D57A-8868-44A3-889B-07E72B9040A0" type="GeoLocation">
        <data>tl</data>
      </datatype>
      <datatype id="27DF9046-3BD4-4BF4-BC90-49CE815BC49B" type="GeoLocation">
        <data>ao</data>
      </datatype>
      <datatype id="2E2D4EE6-CB6D-44E3-820D-70CED400CB06" type="GeoLocation">
        <data>gw</data>
      </datatype>
      <datatype id="31160355-87F0-4EE6-BA4A-18066C7942A8" type="GeoLocation">
        <data>sm</data>
      </datatype>
      <datatype id="31720D6F-BD6B-493B-B4B0-B1CAD0CD0C46" type="GeoLocation">
        <data>um</data>
      </datatype>
      <datatype id="324B6457-ED5F-4917-9A5C-BB42A4A8F9F9" type="GeoLocation">
        <data>tt</data>
      </datatype>
      <datatype id="353BCC20-6E4A-4D29-92F5-989ACAA05054" type="GeoLocation">
        <data>lk</data>
      </datatype>
      <datatype id="35E691A0-6878-446B-9620-56DD4331710F" type="GeoLocation">
        <data>la</data>
      </datatype>
      <datatype id="36293BF0-925D-4B50-ABA0-CFD93E08BA95" type="GeoLocation">
        <data>km</data>
      </datatype>
      <datatype id="3672E6C6-2120-49A6-BD9A-08BE68CC7CCB" type="GeoLocation">
        <data>bm</data>
      </datatype>
      <datatype id="36DF0B23-E03B-4D83-8F91-BBBAAB4DD99C" type="GeoLocation">
        <data>pk</data>
      </datatype>
      <datatype id="398EECC1-72BA-49F1-A1D4-3757DF2184E9" type="GeoLocation">
        <data>mt</data>
      </datatype>
      <datatype id="3C07898C-B657-4065-83B6-E962DEFDF1BA" type="GeoLocation">
        <data>vc</data>
      </datatype>
      <datatype id="3C24902E-0812-44E1-B319-3C6E1D6BA995" type="GeoLocation">
        <data>om</data>
      </datatype>
      <datatype id="3CEDA2C6-D444-440A-8618-BAD22943E706" type="GeoLocation">
        <data>pw</data>
      </datatype>
      <datatype id="3E0F44FF-335F-466C-952C-3A845AFEEDEF" type="GeoLocation">
        <data>fm</data>
      </datatype>
      <datatype id="3F2607B9-1A92-425C-AF38-300A0E50271D" type="GeoLocation">
        <data>ie</data>
      </datatype>
      <datatype id="40955FBF-2E7F-4C9D-AEAA-F9B8DC931DEB" type="GeoLocation">
        <data>wf</data>
      </datatype>
      <datatype id="40DE6E6E-6AEE-457A-8D86-2B6696A503FF" type="GeoLocation">
        <data>mm</data>
      </datatype>
      <datatype id="42F61D44-972F-47E3-8BE0-013021D65207" type="GeoLocation">
        <data>cf</data>
      </datatype>
      <datatype id="434E8ECA-1F59-4B63-A1C1-778672E84531" type="GeoLocation">
        <data>nr</data>
      </datatype>
      <datatype id="4369F3D0-17F6-4E70-851A-91DA21A162C0" type="GeoLocation">
        <data>hn</data>
      </datatype>
      <datatype id="442E6212-2C86-4433-BE06-4545FA8C503C" type="GeoLocation">
        <data>az</data>
      </datatype>
      <datatype id="468EA08D-50E2-46F4-9E74-D5465A2A7756" type="GeoLocation">
        <data>bs</data>
      </datatype>
      <datatype id="4780800D-2311-46A5-8593-227D3084D095" type="GeoLocation">
        <data>af</data>
      </datatype>
      <datatype id="485CDFE2-F035-4504-8754-D9A718D58446" type="GeoLocation">
        <data>ps</data>
      </datatype>
      <datatype id="4A16FEC2-3C93-4165-9CBA-314C76A5E736" type="GeoLocation">
        <data>kw</data>
      </datatype>
      <datatype id="4BA7CE63-432D-4E7D-A894-878CB6B6E1DC" type="GeoLocation">
        <data>ir</data>
      </datatype>
      <datatype id="4BAC9245-90E7-4355-AFBF-EDA5CC400553" type="GeoLocation">
        <data>ml</data>
      </datatype>
      <datatype id="4BB6C5AB-5F02-4BD1-BBC4-249A00E159F7" type="GeoLocation">
        <data>sn</data>
      </datatype>
      <datatype id="4D0689DD-D861-4F68-B953-1F6C0E61BED6" type="GeoLocation">
        <data>yt</data>
      </datatype>
      <datatype id="4D4015A7-3F6D-4A46-8E99-24B5222984AA" type="GeoLocation">
        <data>gq</data>
      </datatype>
      <datatype id="4DB3F40E-519A-41DB-A3F8-FFCC34272333" type="GeoLocation">
        <data>ke</data>
      </datatype>
      <datatype id="4EDF6F92-C337-4114-917C-8D48FECE4F39" type="GeoLocation">
        <data>bb</data>
      </datatype>
      <datatype id="4F76D683-DCE6-42D8-9235-53823B452185" type="GeoLocation">
        <data>at</data>
      </datatype>
      <datatype id="4F887562-C0F2-4D48-B00B-3C063BD892EE" type="GeoLocation">
        <data>sd</data>
      </datatype>
      <datatype id="506ECB29-CDC5-4308-BD43-857E8AB1EEC5" type="GeoLocation">
        <data>bg</data>
      </datatype>
      <datatype id="52D9BD5C-E0D5-40CE-97E0-1AAF9BE1E261" type="GeoLocation">
        <data>fo</data>
      </datatype>
      <datatype id="536A3EB5-CC8A-4F27-9851-D6CFA661EFAB" type="GeoLocation">
        <data>ch</data>
      </datatype>
      <datatype id="53AA746D-7A16-42CA-91EB-2BC9D2A96C6F" type="GeoLocation">
        <data>kr</data>
      </datatype>
      <datatype id="5403DDE7-A0CF-42DC-B165-0139D70926B4" type="GeoLocation">
        <data>td</data>
      </datatype>
      <datatype id="5448BFFE-79E9-49CA-BA1F-70E9D8123E19" type="GeoLocation">
        <data>ck</data>
      </datatype>
      <datatype id="55E45D0F-7CC9-4B96-BF41-71653AC37513" type="GeoLocation">
        <data>mv</data>
      </datatype>
      <datatype id="574467A8-4425-4DB7-9C5C-01482141162B" type="GeoLocation">
        <data>np</data>
      </datatype>
      <datatype id="574E5A61-EC8D-412F-9267-B4F1EE94DFE5" type="GeoLocation">
        <data>lu</data>
      </datatype>
      <datatype id="57643FD2-E02E-42BC-9B61-002399E8D29C" type="GeoLocation">
        <data>se</data>
      </datatype>
      <datatype id="58258E5A-753A-45EB-B8B3-DCA3D7DE12CE" type="GeoLocation">
        <data>so</data>
      </datatype>
      <datatype id="5D6295DD-7CCC-4545-AA36-C480E2207ACB" type="GeoLocation">
        <data>gd</data>
      </datatype>
      <datatype id="5E73A509-801D-4145-8EE9-2B578061B438" type="GeoLocation">
        <data>ye</data>
      </datatype>
      <datatype id="60ACCA65-D763-4A28-8053-6B8AAE67A3D5" type="GeoLocation">
        <data>mk</data>
      </datatype>
      <datatype id="62215A66-33EE-450F-BB94-7E93B0D28141" type="GeoLocation">
        <data>gs</data>
      </datatype>
      <datatype id="64BB797E-8A73-45F1-AF1D-7F1CB4A2E49F" type="GeoLocation">
        <data>sv</data>
      </datatype>
      <datatype id="65146866-E063-430B-990A-27C36CA8DBBB" type="GeoLocation">
        <data>co</data>
      </datatype>
      <datatype id="65B4DBF9-1960-4979-98FE-4D310A96261E" type="GeoLocation">
        <data>sg</data>
      </datatype>
      <datatype id="66BCF97A-1A66-47E1-A293-B2D00FB757D8" type="GeoLocation">
        <data>za</data>
      </datatype>
      <datatype id="6898B5DB-82B6-4B7A-8A9A-6911600FA8AD" type="GeoLocation">
        <data>cm</data>
      </datatype>
      <datatype id="689F748F-FEB5-4B4E-87DF-98FCA47D4115" type="GeoLocation">
        <data>ni</data>
      </datatype>
      <datatype id="694F26C3-E41A-44F5-9099-F3B6F37A914A" type="GeoLocation">
        <data>ai</data>
      </datatype>
      <datatype id="6A02FDDD-5A15-4882-BDD5-717FDE55F44C" type="GeoLocation">
        <data>iq</data>
      </datatype>
      <datatype id="6B14F2BF-FB84-4110-AD1B-E71B2FF2BB26" type="GeoLocation">
        <data>vu</data>
      </datatype>
      <datatype id="6CD15B3C-A817-461F-8B5A-B9CFE6B7FC36" type="GeoLocation">
        <data>mp</data>
      </datatype>
      <datatype id="6E50C91C-B839-4C01-B0F6-E570AFB67A15" type="GeoLocation">
        <data>ba</data>
      </datatype>
      <datatype id="6F1CEA31-0244-4F49-97A5-08D974900621" type="GeoLocation">
        <data>vg</data>
      </datatype>
      <datatype id="6FDEBB05-B142-41DC-9B8F-2687550D0114" type="GeoLocation">
        <data>pr</data>
      </datatype>
      <datatype id="71EA0960-C9C3-4144-B4B2-1E5FFE2FFE56" type="GeoLocation">
        <data>bz</data>
      </datatype>
      <datatype id="72B278CF-E936-430A-83B0-B2586A243B66" type="GeoLocation">
        <data>sz</data>
      </datatype>
      <datatype id="734B4457-DAE8-4A99-B9AC-2D56B4A383DC" type="GeoLocation">
        <data>uz</data>
      </datatype>
      <datatype id="755C6E6B-7AFE-4706-ADF4-FB5C2CDA6A2C" type="GeoLocation">
        <data>bw</data>
      </datatype>
      <datatype id="772E2E83-D0D0-4925-936C-C2B07B5794DE" type="GeoLocation">
        <data>an</data>
      </datatype>
      <datatype id="786C1A43-9AE3-4CEC-BDC2-7334116D4D71" type="GeoLocation">
        <data>va</data>
      </datatype>
      <datatype id="7A69BD58-5804-43CA-BE6F-0BDC0A4A5719" type="GeoLocation">
        <data>ax</data>
      </datatype>
      <datatype id="7AB1C63C-D3DC-48B9-9794-403293D83CE9" type="GeoLocation">
        <data>do</data>
      </datatype>
      <datatype id="7B077CAE-7600-42E3-AB1A-7B33334A2130" type="GeoLocation">
        <data>pf</data>
      </datatype>
      <datatype id="7B20A9E5-AFFC-4629-A4AD-005576961679" type="GeoLocation">
        <data>gh</data>
      </datatype>
      <datatype id="7B4FA763-DEAD-4121-8BD0-8FF879D9DF78" type="GeoLocation">
        <data>kn</data>
      </datatype>
      <datatype id="7BE45A07-0A2E-43F5-9C8F-EC0EDF2EA932" type="GeoLocation">
        <data>ga</data>
      </datatype>
      <datatype id="7CB0F39B-B85A-47F8-A32E-CFEFB6A7A864" type="GeoLocation">
        <data>zm</data>
      </datatype>
      <datatype id="80D3FCB4-0E7C-4849-A55B-D15E0B95086F" type="GeoLocation">
        <data>st</data>
      </datatype>
      <datatype id="8319E453-D1DB-431F-BAB2-82D606057D96" type="GeoLocation">
        <data>tv</data>
      </datatype>
      <datatype id="84908B39-2477-4DCF-BAC7-E17F4C708D82" type="GeoLocation">
        <data>gp</data>
      </datatype>
      <datatype id="84AD2B98-5A7C-413C-85E5-7EBCE8F66EB7" type="GeoLocation">
        <data>dj</data>
      </datatype>
      <datatype id="8530FE62-AA61-4841-82BA-E844639CB3A2" type="GeoLocation">
        <data>sl</data>
      </datatype>
      <datatype id="85359841-1394-47BD-9A6C-87502BD350A1" type="GeoLocation">
        <data>ki</data>
      </datatype>
      <datatype id="855AC29B-7B4A-4621-8B0A-5EA4D1594D41" type="GeoLocation">
        <data>bd</data>
      </datatype>
      <datatype id="867F4A72-B406-4BC9-8539-2322FFF2CF95" type="GeoLocation">
        <data>ms</data>
      </datatype>
      <datatype id="86D981DB-16AD-41B2-8A63-1B4A35D2A9E0" type="GeoLocation">
        <data>tz</data>
      </datatype>
      <datatype id="87183E53-CAE1-48A6-8572-9D06A7F46356" type="GeoLocation">
        <data>br</data>
      </datatype>
      <datatype id="87199790-2286-4BDD-8FE1-C74C6EBE0665" type="GeoLocation">
        <data>th</data>
      </datatype>
      <datatype id="8824D3EE-B249-4C41-8BA3-2782967B55DC" type="GeoLocation">
        <data>my</data>
      </datatype>
      <datatype id="88410F8D-AFCF-41A8-8CA6-0177FE4C668C" type="GeoLocation">
        <data>bf</data>
      </datatype>
      <datatype id="8AA5AC6C-851E-4580-A9E9-F7ED75377DB9" type="GeoLocation">
        <data>et</data>
      </datatype>
      <datatype id="8B826EC7-4345-4A14-99AF-7B767C811F9F" type="GeoLocation">
        <data>io</data>
      </datatype>
      <datatype id="8B95DC13-F79C-4D53-9C58-9C5363DBBA57" type="GeoLocation">
        <data>tg</data>
      </datatype>
      <datatype id="8F1CDC08-FE32-4578-9E47-A2006EE5BD62" type="GeoLocation">
        <data>sr</data>
      </datatype>
      <datatype id="910BEBBD-F532-480F-97DA-E65A3A5533B7" type="GeoLocation">
        <data>ru</data>
      </datatype>
      <datatype id="926A8CA5-3AD1-4903-8052-7E4C9E8E3B2A" type="GeoLocation">
        <data>ec</data>
      </datatype>
      <datatype id="9386A272-9EC7-44BF-BAED-54D050012F48" type="GeoLocation">
        <data>gn</data>
      </datatype>
      <datatype id="93BC4F7E-2D4F-4BA7-B57C-C5862268F135" type="GeoLocation">
        <data>nz</data>
      </datatype>
      <datatype id="93BD1BF9-FAEE-452C-B6FD-76CDE7314FD2" type="GeoLocation">
        <data>hm</data>
      </datatype>
      <datatype id="9430C000-6E5C-4D6C-9B91-D139A6D52EBB" type="GeoLocation">
        <data>sy</data>
      </datatype>
      <datatype id="96D99F1F-5BF3-48FD-8CB5-69CB3DFF84B6" type="GeoLocation">
        <data>bv</data>
      </datatype>
      <datatype id="971DCBC7-864E-4310-BAC3-61717077625A" type="GeoLocation">
        <data>bi</data>
      </datatype>
      <datatype id="986161BF-801B-481B-B24E-6E2ED787430C" type="GeoLocation">
        <data>cc</data>
      </datatype>
      <datatype id="9965F3FD-6669-4830-BD41-CA77FF194D6C" type="GeoLocation">
        <data>cr</data>
      </datatype>
      <datatype id="997DA498-6D7F-4072-B200-4D2333DB5575" type="GeoLocation">
        <data>lt</data>
      </datatype>
      <datatype id="9A93B44B-EFCD-45A8-A8A1-36B03640B37F" type="GeoLocation">
        <data>is</data>
      </datatype>
      <datatype id="9C5E28A2-2BF1-4DAE-AADA-0C487703F151" type="GeoLocation">
        <data>sh</data>
      </datatype>
      <datatype id="9C6AF22D-D25F-44F4-A9D4-E814F6C191B0" type="GeoLocation">
        <data>pl</data>
      </datatype>
      <datatype id="9F1D95CF-A134-40B4-B324-A7DEFAE1D530" type="GeoLocation">
        <data>si</data>
      </datatype>
      <datatype id="A16F95B7-73D8-4846-A0EF-08125BB29AD6" type="GeoLocation">
        <data>id</data>
      </datatype>
      <datatype id="A62C3456-0BF8-49F6-9676-2B3DCECF4E39" type="GeoLocation">
        <data>ve</data>
      </datatype>
      <datatype id="A712C83F-8210-4938-9F59-1427F50FE3A0" type="GeoLocation">
        <data>re</data>
      </datatype>
      <datatype id="A8070483-5AAB-4DF2-8D05-74F5D6C580DC" type="GeoLocation">
        <data>sk</data>
      </datatype>
      <datatype id="A8C011E7-4D5B-40E6-9DA7-C9F41BBD7E89" type="GeoLocation">
        <data>jp</data>
      </datatype>
      <datatype id="A98879C8-FACB-45F7-B3C9-69DA72F00C69" type="GeoLocation">
        <data>hr</data>
      </datatype>
      <datatype id="A9D63832-374B-4491-B2C0-BCF5620F31DD" type="GeoLocation">
        <data>tj</data>
      </datatype>
      <datatype id="ABB8EC18-8CE6-46E6-9C72-5EAFF82AC730" type="GeoLocation">
        <data>mz</data>
      </datatype>
      <datatype id="AC84A21F-BAF8-4083-897F-C9B833AB1831" type="GeoLocation">
        <data>gu</data>
      </datatype>
      <datatype id="AD60BEB7-0784-4D8A-9843-76514CABDC08" type="GeoLocation">
        <data>gy</data>
      </datatype>
      <datatype id="ADA7065E-DBAD-4D7A-BB81-3F1EEAA63B09" type="GeoLocation">
        <data>ca</data>
      </datatype>
      <datatype id="B09F1292-48A3-403A-B44A-D067E1937F86" type="GeoLocation">
        <data>cd</data>
      </datatype>
      <datatype id="B261C393-79F2-4514-A304-F2FFA86F39ED" type="GeoLocation">
        <data>ee</data>
      </datatype>
      <datatype id="B314B6E2-635F-4235-851E-750796966778" type="GeoLocation">
        <data>cg</data>
      </datatype>
      <datatype id="B364B755-EBA6-402A-99A2-1EDC83AC4044" type="GeoLocation">
        <data>nu</data>
      </datatype>
      <datatype id="B390281B-81EF-4A22-8EFC-40B74722150E" type="GeoLocation">
        <data>nc</data>
      </datatype>
      <datatype id="B5191F2C-D18F-4587-8977-39CB4ABAD4C1" type="GeoLocation">
        <data>jm</data>
      </datatype>
      <datatype id="B5ACB81F-20A1-4A4F-AA56-07F90D1B73A6" type="GeoLocation">
        <data>nl</data>
      </datatype>
      <datatype id="B5B69F1D-67BB-4B32-BB2D-2D7AEE3FD03C" type="GeoLocation">
        <data>kh</data>
      </datatype>
      <datatype id="B792E390-EF93-449A-AC46-B4D5E644825F" type="GeoLocation">
        <data>lv</data>
      </datatype>
      <datatype id="BE26B347-554B-4D3F-BDEA-ACF6A5E5CB1F" type="GeoLocation">
        <data>mn</data>
      </datatype>
      <datatype id="BF7E7F6C-7038-43A9-84FC-016019E731F8" type="GeoLocation">
        <data>ma</data>
      </datatype>
      <datatype id="C1C8E68E-7F49-45B1-B1B3-8DF017605E30" type="GeoLocation">
        <data>es</data>
      </datatype>
      <datatype id="C3FBBFCA-01A2-45A2-8198-CAACEA445636" type="GeoLocation">
        <data>sc</data>
      </datatype>
      <datatype id="C7F9D8A4-62B2-41FF-B85B-40C025F57969" type="GeoLocation">
        <data>al</data>
      </datatype>
      <datatype id="C8EFA875-622D-43B4-A03A-B66070849BF7" type="GeoLocation">
        <data>gl</data>
      </datatype>
      <datatype id="C92DB302-F7FC-4F6E-89C7-4D92F8A0B0C3" type="GeoLocation">
        <data>de</data>
      </datatype>
      <datatype id="CA17E90A-738C-4DA7-B5BB-5C82ED199C9B" type="GeoLocation">
        <data>zw</data>
      </datatype>
      <datatype id="CAD8DCF7-31F7-49CF-9621-0935C23A48D1" type="GeoLocation">
        <data>am</data>
      </datatype>
      <datatype id="CBA2A9F4-1819-4CEE-A4FA-49206BECA650" type="GeoLocation">
        <data>mq</data>
      </datatype>
      <datatype id="CBFF41E8-2412-47A4-AFEE-7A90725CB4D4" type="GeoLocation">
        <data>by</data>
      </datatype>
      <datatype id="CD60914F-B230-41D6-B2FA-2B101FCB3B80" type="GeoLocation">
        <data>nf</data>
      </datatype>
      <datatype id="CE231434-5FA7-4103-B1D8-1BFD076DED4C" type="GeoLocation">
        <data>tk</data>
      </datatype>
      <datatype id="CE851893-606F-4007-AFF3-54151D51301A" type="GeoLocation">
        <data>tn</data>
      </datatype>
      <datatype id="CEECC51D-6DDA-4C1D-A93E-E3A8CF8C7F92" type="GeoLocation">
        <data>dm</data>
      </datatype>
      <datatype id="CFFEF545-862A-4A3A-BE39-1538BA9914D8" type="GeoLocation">
        <data>gb</data>
      </datatype>
      <datatype id="D0C90FFC-9C68-4E16-A3EE-8628E744C7E8" type="GeoLocation">
        <data>tf</data>
      </datatype>
      <datatype id="D26BAA37-BC40-4D0B-88F6-15557F679D4C" type="GeoLocation">
        <data>gt</data>
      </datatype>
      <datatype id="D496F187-1612-416A-A3CA-36E48A920F5E" type="GeoLocation">
        <data>sa</data>
      </datatype>
      <datatype id="D56AE9F6-E219-410A-97D7-855BD6BCC322" type="GeoLocation">
        <data>mu</data>
      </datatype>
      <datatype id="D5D8D138-07A5-47A6-99E1-A5E8B1D28AE5" type="GeoLocation">
        <data>bt</data>
      </datatype>
      <datatype id="D623CE31-171A-46E3-A4DD-9525AA7967A4" type="GeoLocation">
        <data>bj</data>
      </datatype>
      <datatype id="D74E67BF-03F5-49B7-AD54-B29AB544C438" type="GeoLocation">
        <data>gm</data>
      </datatype>
      <datatype id="D888DFF4-18C5-4C66-897C-3C19B4822016" type="GeoLocation">
        <data>fk</data>
      </datatype>
      <datatype id="DA12AE38-14C6-4D70-A584-F6247DDB9A84" type="GeoLocation">
        <data>as</data>
      </datatype>
      <datatype id="DCBDDF98-05D4-4C14-95BF-E49168114E4B" type="GeoLocation">
        <data>to</data>
      </datatype>
      <datatype id="DCEAC666-D839-4CF1-838B-CABEE00390F5" type="GeoLocation">
        <data>ph</data>
      </datatype>
      <datatype id="DFE1B4A8-4690-433B-95C8-29649800FACF" type="GeoLocation">
        <data>cs</data>
      </datatype>
      <datatype id="E0A540A7-A52B-46D1-ADD2-C5D9198FA064" type="GeoLocation">
        <data>ar</data>
      </datatype>
      <datatype id="E1008C06-111C-49B8-817F-E7A658DC7B42" type="GeoLocation">
        <data>fj</data>
      </datatype>
      <datatype id="E39123F0-0157-4A95-B764-2033491A3706" type="GeoLocation">
        <data>sb</data>
      </datatype>
      <datatype id="E477AD9F-AE6B-4D60-AEFA-1EA6ED6871BA" type="GeoLocation">
        <data>pt</data>
      </datatype>
      <datatype id="E4D21DED-9320-486E-8B7F-97A7F96568A5" type="GeoLocation">
        <data>pa</data>
      </datatype>
      <datatype id="E66E7725-88AC-40C8-A9C6-6BAF28EBD6D3" type="GeoLocation">
        <data>mo</data>
      </datatype>
      <datatype id="E70655EA-CECC-4CAB-A675-660CFC62E98F" type="GeoLocation">
        <data>cy</data>
      </datatype>
      <datatype id="E75693F3-2537-432E-9D13-3319B1A93899" type="GeoLocation">
        <data>cn</data>
      </datatype>
      <datatype id="E85EBDFD-A96D-4E14-B387-5DD0EA1E2ABD" type="GeoLocation">
        <data>pm</data>
      </datatype>
      <datatype id="E8BBE3FB-5C5B-4341-87C3-5ADF0F1E7C40" type="GeoLocation">
        <data>vn</data>
      </datatype>
      <datatype id="E8FFC8D7-9E15-4515-917D-1990FA62BA8C" type="GeoLocation">
        <data>be</data>
      </datatype>
      <datatype id="EC95E333-0726-4424-B921-45BAAE98FBDC" type="GeoLocation">
        <data>ng</data>
      </datatype>
      <datatype id="ED7AE943-85E7-4127-A4B0-EA62AC558324" type="GeoLocation">
        <data>jo</data>
      </datatype>
      <datatype id="EE1160BC-08EB-4944-AA8A-7726A0CE930C" type="GeoLocation">
        <data>il</data>
      </datatype>
      <datatype id="EEFC5F89-1190-4D99-9BEF-8DDBB7A6EC01" type="GeoLocation">
        <data>mr</data>
      </datatype>
      <datatype id="EFAEC1E2-23B3-4FA9-AFCC-E45320D923D4" type="GeoLocation">
        <data>kp</data>
      </datatype>
      <datatype id="F0314A83-3F19-4F89-BAFF-6F81D35B2C4A" type="GeoLocation">
        <data>mc</data>
      </datatype>
      <datatype id="F1DD3E01-EEE5-43AA-997A-97B3E5BDC2C0" type="GeoLocation">
        <data>py</data>
      </datatype>
      <datatype id="F2D3D926-6BE4-4DD1-9536-9A2D6332F171" type="GeoLocation">
        <data>ls</data>
      </datatype>
      <datatype id="F336E9A2-1658-43D6-BF3A-28F30C04EA20" type="GeoLocation">
        <data>aq</data>
      </datatype>
      <datatype id="F3C410BE-3451-4E8A-A34D-9BD979C1B450" type="GeoLocation">
        <data>ae</data>
      </datatype>
      <datatype id="F438C0D8-F579-4F53-9BA7-3E8C72EB22AF" type="GeoLocation">
        <data>hk</data>
      </datatype>
      <datatype id="F4632330-BC3A-4FE2-A9AB-D00D64495590" type="GeoLocation">
        <data>ug</data>
      </datatype>
      <datatype id="F46DF2DE-627F-447A-B2DB-33ACF28427D6" type="GeoLocation">
        <data>gf</data>
      </datatype>
      <datatype id="F494C0EF-599F-434A-8088-0ACAF02B65F1" type="GeoLocation">
        <data>rw</data>
      </datatype>
      <datatype id="F4FFA8C1-0EDE-444A-9FAE-E2CF02279A9F" type="GeoLocation">
        <data>sj</data>
      </datatype>
      <datatype id="F5F56451-ED66-490A-96C8-099C6E079B84" type="GeoLocation">
        <data>mx</data>
      </datatype>
      <datatype id="F60CD53F-3B71-4332-8902-1CA90DF337DE" type="GeoLocation">
        <data>md</data>
      </datatype>
      <datatype id="F6D3C98F-37D3-4647-BDA8-D2C09A87C610" type="GeoLocation">
        <data>pe</data>
      </datatype>
      <datatype id="F7823B15-6326-46FB-AEDE-D98A57797942" type="GeoLocation">
        <data>ad</data>
      </datatype>
      <datatype id="F7C69205-8690-4C05-981C-5807CB4225CA" type="GeoLocation">
        <data>gi</data>
      </datatype>
      <datatype id="F8227931-3FBE-4636-BA0C-D771256CABC8" type="GeoLocation">
        <data>qa</data>
      </datatype>
      <datatype id="FA2D1F50-0CCE-4438-8EF4-119378B3F90E" type="GeoLocation">
        <data>eg</data>
      </datatype>
      <datatype id="FAF8EAEC-A899-4E1B-BEB5-AE9E0D2FCFCA" type="GeoLocation">
        <data>kg</data>
      </datatype>
      <datatype id="FB0E0F25-3D5D-45D7-91F9-14D57FCD39AB" type="GeoLocation">
        <data>aw</data>
      </datatype>
      <datatype id="FFDCFDE9-8F3B-4CE5-A848-6882A1F30E57" type="GeoLocation">
        <data>us</data>
      </datatype>
      <datatype id="f7306ae5-7bc6-4462-a61c-f237a95cbb15" type="Hostname">
        <data>it52s-macbook-pro.local</data>
      </datatype>
    </datatypes>
    <operationsTable>
      <operationItem>
        <groupid>1</groupid>
        <operation>5</operation>
      </operationItem>
      <operationItem>
        <groupid>10</groupid>
        <operation>5</operation>
      </operationItem>
      <operationItem>
        <groupid>11</groupid>
        <operation>1</operation>
      </operationItem>
      <operationItem>
        <groupid>11</groupid>
        <operation>3</operation>
      </operationItem>
      <operationItem>
        <groupid>11</groupid>
        <operation>5</operation>
      </operationItem>
      <operationItem>
        <groupid>12</groupid>
        <operation>1</operation>
      </operationItem>
      <operationItem>
        <groupid>12</groupid>
        <operation>3</operation>
      </operationItem>
      <operationItem>
        <groupid>12</groupid>
        <operation>5</operation>
      </operationItem>
      <operationItem>
        <groupid>2</groupid>
        <operation>1</operation>
      </operationItem>
      <operationItem>
        <groupid>2</groupid>
        <operation>3</operation>
      </operationItem>
      <operationItem>
        <groupid>2</groupid>
        <operation>5</operation>
      </operationItem>
      <operationItem>
        <groupid>3</groupid>
        <operation>5</operation>
      </operationItem>
      <operationItem>
        <groupid>390149</groupid>
        <operation>1</operation>
      </operationItem>
      <operationItem>
        <groupid>390149</groupid>
        <operation>3</operation>
      </operationItem>
      <operationItem>
        <groupid>390149</groupid>
        <operation>5</operation>
      </operationItem>
      <operationItem>
        <groupid>390151</groupid>
        <operation>1</operation>
      </operationItem>
      <operationItem>
        <groupid>390151</groupid>
        <operation>3</operation>
      </operationItem>
      <operationItem>
        <groupid>390151</groupid>
        <operation>5</operation>
      </operationItem>
      <operationItem>
        <groupid>4</groupid>
        <operation>3</operation>
      </operationItem>
      <operationItem>
        <groupid>4</groupid>
        <operation>5</operation>
      </operationItem>
      <operationItem>
        <groupid>5</groupid>
        <operation>3</operation>
      </operationItem>
      <operationItem>
        <groupid>5</groupid>
        <operation>5</operation>
      </operationItem>
      <operationItem>
        <groupid>5</groupid>
        <operation>1</operation>
      </operationItem>
      <operationItem>
        <groupid>51</groupid>
        <operation>1</operation>
      </operationItem>
      <operationItem>
        <groupid>51</groupid>
        <operation>8</operation>
      </operationItem>
      <operationItem>
        <groupid>51</groupid>
        <operation>3</operation>
      </operationItem>
      <operationItem>
        <groupid>51</groupid>
        <operation>5</operation>
      </operationItem>
      <operationItem>
        <groupid>52</groupid>
        <operation>1</operation>
      </operationItem>
      <operationItem>
        <groupid>52</groupid>
        <operation>8</operation>
      </operationItem>
      <operationItem>
        <groupid>6</groupid>
        <operation>3</operation>
      </operationItem>
      <operationItem>
        <groupid>6</groupid>
        <operation>5</operation>
      </operationItem>
      <operationItem>
        <groupid>6</groupid>
        <operation>1</operation>
      </operationItem>
      <operationItem>
        <groupid>8</groupid>
        <operation>5</operation>
      </operationItem>
      <operationItem>
        <groupid>9</groupid>
        <operation>5</operation>
      </operationItem>
    </operationsTable>
    <excludetable/>
  </resourceResolverWorkingSet>

</policyEngineConfig>